"Status","Start Time","Stop Time","Duration in ms","Parent Suite","Suite","Sub Suite","Test Class","Test Method","Name","Description"
"passed","Sat Jun 01 16:49:33 CST 2024","Sat Jun 01 16:49:33 CST 2024","58","testcase","test_cold_banding","TestBanding","","","test_cold_banding[cold_banding0]",""
"failed","Sat Jun 01 16:49:35 CST 2024","Sat Jun 01 16:49:35 CST 2024","53","testcase","test_cold_ice","TestColdIce","","","test_bwx_add[bwx_add0]",""
"failed","Sat Jun 01 16:49:34 CST 2024","Sat Jun 01 16:49:34 CST 2024","73","testcase","test_cold_ice","TestColdIce","","","test_ice[ice_data2]",""
"failed","Sat Jun 01 16:49:35 CST 2024","Sat Jun 01 16:49:35 CST 2024","76","testcase","test_cold_ice","TestColdIce","","","test_bwx_add[bwx_add1]",""
"passed","Sat Jun 01 16:49:33 CST 2024","Sat Jun 01 16:49:33 CST 2024","45","testcase","test_cold_ice","TestColdIce","","","test_cold[cold_data0]",""
"passed","Sat Jun 01 16:49:34 CST 2024","Sat Jun 01 16:49:34 CST 2024","48","testcase","test_cold_ice","TestColdIce","","","test_bwx[bwx_data1]",""
"passed","Sat Jun 01 16:49:35 CST 2024","Sat Jun 01 16:49:35 CST 2024","72","testcase","test_cold_ice","TestColdIce","","","test_ice_add[ice_add2]",""
"failed","Sat Jun 01 16:49:35 CST 2024","Sat Jun 01 16:49:35 CST 2024","53","testcase","test_cold_ice","TestColdIce","","","test_ice_add[ice_add0]",""
"passed","Sat Jun 01 16:49:35 CST 2024","Sat Jun 01 16:49:35 CST 2024","72","testcase","test_cold_ice","TestColdIce","","","test_cold_add[ice_add2]",""
"passed","Sat Jun 01 16:49:34 CST 2024","Sat Jun 01 16:49:34 CST 2024","64","testcase","test_cold_ice","TestColdIce","","","test_bwx[bwx_data2]",""
"failed","Sat Jun 01 16:49:34 CST 2024","Sat Jun 01 16:49:34 CST 2024","66","testcase","test_cold_ice","TestColdIce","","","test_bwx[bwx_data0]",""
"failed","Sat Jun 01 16:49:35 CST 2024","Sat Jun 01 16:49:35 CST 2024","90","testcase","test_cold_ice","TestColdIce","","","test_bwx_add[bwx_add2]",""
"failed","Sat Jun 01 16:49:34 CST 2024","Sat Jun 01 16:49:34 CST 2024","91","testcase","test_cold_ice","TestColdIce","","","test_ice[ice_data0]",""
"passed","Sat Jun 01 16:49:33 CST 2024","Sat Jun 01 16:49:33 CST 2024","74","testcase","test_cold_banding","TestBanding","","","test_ice_banding[ice_banding0]",""
"passed","Sat Jun 01 16:49:34 CST 2024","Sat Jun 01 16:49:34 CST 2024","67","testcase","test_cold_ice","TestColdIce","","","test_cold[cold_data2]",""
"passed","Sat Jun 01 16:49:34 CST 2024","Sat Jun 01 16:49:34 CST 2024","57","testcase","test_cold_ice","TestColdIce","","","test_cold[cold_data3]",""
"passed","Sat Jun 01 16:49:34 CST 2024","Sat Jun 01 16:49:34 CST 2024","61","testcase","test_cold_ice","TestColdIce","","","test_ice[ice_data1]",""
"passed","Sat Jun 01 16:49:33 CST 2024","Sat Jun 01 16:49:33 CST 2024","49","testcase","test_cold_banding","TestBanding","","","test_bwx_banding[bwx_banding0]",""
"passed","Sat Jun 01 16:49:34 CST 2024","Sat Jun 01 16:49:34 CST 2024","59","testcase","test_cold_ice","TestColdIce","","","test_cold_add[ice_add0]",""
"failed","Sat Jun 01 16:49:35 CST 2024","Sat Jun 01 16:49:35 CST 2024","72","testcase","test_cold_ice","TestColdIce","","","test_ice_add[ice_add1]",""
"failed","Sat Jun 01 16:49:33 CST 2024","Sat Jun 01 16:49:33 CST 2024","73","testcase","test_cold_ice","TestColdIce","","","test_cold[cold_data1]",""
"passed","Sat Jun 01 16:49:34 CST 2024","Sat Jun 01 16:49:34 CST 2024","67","testcase","test_cold_ice","TestColdIce","","","test_bwx[bwx_data3]",""
"passed","Sat Jun 01 16:49:34 CST 2024","Sat Jun 01 16:49:35 CST 2024","84","testcase","test_cold_ice","TestColdIce","","","test_cold_add[ice_add1]",""
"passed","Sat Jun 01 16:49:34 CST 2024","Sat Jun 01 16:49:34 CST 2024","62","testcase","test_cold_ice","TestColdIce","","","test_ice[ice_data3]",""
